{
  "system": "nl2dsl-agent",
  "precision": 61.42857142857142,
  "recall": 69.44444444444444,
  "breakage_rate": 83.33333333333334,
  "avg_latency_ms": 1567.7984290652805,
  "success_rate": 16.666666666666664,
  "avg_cpu_pct": 0.1,
  "avg_mem_mb": 369.6328125,
  "safety_compliance": 7.6923076923076925
}