{
  "system": "nl2dsl-agent",
  "precision": 45.17387388458496,
  "recall": 51.351851851851855,
  "breakage_rate": 0.0,
  "avg_latency_ms": 12288.400159941779,
  "success_rate": 100.0,
  "avg_cpu_pct": 0.1,
  "avg_mem_mb": 433.171875,
  "safety_compliance": 92.3076923076923
}